Step,GED,BehavioralProfile
1,0.9090909090909091,1.0
2,0.9090909090909091,1.0
3,0.8333333333333334,1.0
4,0.8333333333333334,1.0
5,0.7692307692307692,0.5
6,0.7692307692307692,0.5
7,0.7692307692307692,0.5
8,0.7692307692307692,0.5
9,0.7692307692307692,0.5
10,0.7692307692307692,0.5
11,0.7692307692307692,0.5
12,0.7692307692307692,0.5
13,0.7692307692307692,0.5
14,0.7692307692307692,0.5
